amino_acid;codon;relative_frequency
*;UAA;0.27
*;UAG;0.45
*;UGA;0.27
A;GCA;0.30
A;GCC;0.36
A;GCG;0.11
A;GCU;0.23
C;UGC;0.55
C;UGU;0.45
D;GAC;0.61
D;GAU;0.39
E;GAA;0.49
E;GAG;0.51
F;UUC;0.61
F;UUU;0.39
G;GGA;0.29
G;GGC;0.32
G;GGG;0.22
G;GGU;0.17
H;CAC;0.65
H;CAU;0.35
I;AUA;0.29
I;AUC;0.43
I;AUU;0.27
K;AAA;0.58
K;AAG;0.42
L;CUA;0.14
L;CUC;0.21
L;CUG;0.35
L;CUU;0.13
L;UUA;0.07
L;UUG;0.10
M;AUG;1.00
N;AAC;0.59
N;AAU;0.41
P;CCA;0.34
P;CCC;0.30
P;CCG;0.10
P;CCU;0.26
Q;CAA;0.24
Q;CAG;0.76
R;AGA;0.34
R;AGG;0.25
R;CGA;0.10
R;CGC;0.13
R;CGG;0.13
R;CGU;0.06
S;AGC;0.23
S;AGU;0.13
S;UCA;0.21
S;UCC;0.21
S;UCG;0.06
S;UCU;0.16
T;ACA;0.40
T;ACC;0.28
T;ACG;0.08
T;ACU;0.24
V;GUA;0.19
V;GUC;0.24
V;GUG;0.43
V;GUU;0.14
W;UGG;1.00
Y;UAC;0.59
Y;UAU;0.41